objectid_1,objectid,acreage,sqft,final_cat,type_,sector,origpkname,updatepknm,alterntnam,divname,shape_leng,globalid,created_user,created_date,last_edited_user,last_edited_date,maintenanceresponsibility,dpw_ac,GlobalID_2,Shape__Area,Shape__Length
1,7,6.95503347,302960.0462628,Neighborhood Park,NP,5,Alton Playground,Alton Park,Alton Park,Western,1680.93778101,5469398c-9490-4e55-b4d4-776bc4862a7e,pgh.admin,2020/11/10 16:12:06.343+00,pgh.admin,2020/11/10 16:12:06.343+00,Parks - Southern,4.02708068633731,e866306d-8c3a-49ab-929d-6d9dfe1fc204,28146.015625,673.341515971604
2,50,11.65860079,507846.6189228,Neighborhood Park,NP,4,Dunbar Playground,Dunbar Park,Dunbar Park,Western,2666.55630682,5d9753a7-660a-4015-abb1-96fb651a03cf,pgh.admin,2020/11/10 16:12:06.343+00,pgh.admin,2020/11/10 16:12:06.343+00,Parks - Western,6.74571430451881,0af5d42a-9086-4282-af43-e3982c1c54d5,47180.68359375,1068.12857339807
3,44,12.48337234,543773.52418028,Neighborhood Park,NP,13,Curto Park,Frank Curto Park,Frank Curto Park,State,4947.79134007,789bcaf2-11c5-4ada-82e8-e03ad3899319,pgh.admin,2020/11/10 16:12:06.343+00,pgh.admin,2020/11/10 16:12:06.343+00,Parks - Schenley,7.22028579487693,4558edd7-bb47-4d3a-a3f7-a15e49119b1b,50518.4140625,1980.85650192447
4,38,7.30378864,318151.76061004,Neighborhood Park,NP,1,Cowley Playground,Cowley Park,Cowley Park,Northern,1706.73971546,d8f9288e-6a5e-4640-8245-97a8c6a95248,pgh.admin,2020/11/10 16:12:06.343+00,pgh.admin,2020/11/10 16:12:06.343+00,Parks - Northern,4.22351288285124,c4e93780-6bbe-4c6f-a7f4-d5af8e466e94,29557.37890625,683.92287791608
5,121,15.4304847,672149.22508041,Neighborhood Park,NP,4,McGonigle Playground,McGonigle Park,McGonigle Park,Western,4098.9491653,96e44c78-3181-4961-8e84-b40b284bbfb6,pgh.admin,2020/11/10 16:12:06.343+00,pgh.admin,2020/11/10 16:12:06.343+00,Parks - Western,8.92271914085625,683633cd-105b-4bf1-a1a8-1e8e553c4b58,62444.9453125,1643.20418935046
6,58,1.47568613,64280.63066779,Regional Park,RP,6,Eileen McCoy Parklet,Emerald View Park - Eileen McCoy Park,Emerald View Regional Park,Western,780.26813719,85e78b3f-6464-4be8-a756-695779735770,pgh.admin,2020/11/10 16:12:06.343+00,pgh.admin,2020/11/10 16:12:06.343+00,Parks - Western,0.85385041001108,494653d4-ad1c-470b-a250-2cc3c9575700,5971.8984375,312.666485129927
7,172,2.24674575,97867.85344756,Neighborhood Park,NP,1,Spring Garden Field,Spring Garden Park,Spring Garden Park,Northern,1231.0089363,cafe92f4-0b45-42f4-9411-15363c7d50d1,pgh.admin,2020/11/10 16:12:06.343+00,pgh.admin,2020/11/10 16:12:06.343+00,Parks - Northern,1.29894135449263,d4b40017-41bd-4b9b-ab6a-000d303adbf7,9092.25,493.888492384658
8,190,38.97696219,1697829.68166274,Community Park,CP,13,West Penn Park,West Penn Park,West Penn Park,State,4544.06311033,a0481df3-0fb0-4913-8d63-74cf6358656b,pgh.admin,2020/11/10 16:12:06.343+00,pgh.admin,2020/11/10 16:12:06.343+00,Parks - Schenley,22.541392752484,cd81a886-4aaa-4182-bce0-474a360fec30,157734.1796875,1820.3361825004
9,22,2.90655674,126609.10522713,Neighborhood Park,NP,9,Blair St Parklet,Blair Street Park,Blair St. Park,Schenley,1179.30834272,284d433b-7f9f-4708-83ff-c76d15c28685,pgh.admin,2020/11/10 16:12:06.343+00,pgh.admin,2020/11/10 16:12:06.343+00,Parks - Schenley,1.68346994460849,fdb527d8-40f4-49fd-a3cc-ad74859bc594,11762.42578125,472.659605763048
10,29,0.161462,7033.25655271,Beautification Site,BTF,5,Brookline Monument,Brookline Monument,Brookline Monument,Southern,301.24993005,db8866c6-e4e2-40cc-9b91-b6a61dbb8579,pgh.admin,2020/11/10 16:12:06.343+00,pgh.admin,2020/11/10 16:12:06.343+00,4th Division,9.35520726418919E-02,86c779f2-4d1f-427f-8baa-2cedc7ce8ebd,653.43359375,120.556638587203
11,20,0.41712325,18169.81599879,Beautification Site,BTF,5,Beechview Monument,Beechview Monument,Beechview Monument,Western,444.08349025,de2ca330-1b55-483d-9403-4637822ca5e3,pgh.admin,2020/11/10 16:12:06.343+00,pgh.admin,2020/11/10 16:12:06.343+00,5th Division,0.241599056950036,c1a4e3bb-7b72-4b78-8282-c064d0e4fced,1688.03125,177.947133385568
12,192,0.02249231,979.7609177,Beautification Site,BTF,4,Westwood Island,Westwood Island,Westwood Island,Western,93.1245652,82bd048c-8ac4-45af-991b-72228f39bd32,pgh.admin,2020/11/10 16:12:06.343+00,pgh.admin,2020/11/10 16:12:06.343+00,5th Division,1.30144705159557E-02,1095b13a-2907-48be-94d3-ab2fda453e1b,91.03125,37.3102791515177
13,12,2.73884846,119303.76172629,Neighborhood Park,NP,7,Armstrong Playground,Armstrong Park,Armstrong Park,Southern,1015.27727183,8b1b9560-5b36-4925-93a2-205b276edb4f,pgh.admin,2020/11/10 16:12:06.343+00,pgh.admin,2020/11/10 16:12:06.343+00,Parks - Southern,1.58520748528151,5264a44a-f5f4-42ea-a370-aa219ef81f72,11083.734375,406.753333206126
14,166,0.25738066,11211.45686867,Beautification Site,BTF,4,Sheraden Monument,Sheraden Monument,Sheraden Monument,Western,369.47866131,8418b4f5-e453-45fb-9b9f-71b56a782739,pgh.admin,2020/11/10 16:12:06.343+00,pgh.admin,2020/11/10 16:12:06.343+00,5th Division,0.148856287636088,23c99b73-f237-4784-b872-d394eb58a47e,1041.58984375,148.113103310273
15,94,1.02593991,44689.76357258,Neighborhood Park,NP,3,Jefferson Playground,Jefferson Park,Jefferson Park,Northern,679.93778871,fbfc5a30-c277-428b-b9a3-d8fd5eb06a64,pgh.admin,2020/11/10 16:12:06.343+00,pgh.admin,2020/11/10 16:12:06.343+00,Parks - Northern,0.59325562946793,3cd36d13-b6c9-45aa-80cf-d80e0986ec08,4151.84375,272.710547317956
16,206,11.10245171,483620.86210213,Neighborhood Park,NP,1,Spring Hill Playground,Spring Hill Park,Spring Hill Park,Northern,2401.52521801,1be984a8-ff8e-4e15-baaf-ba53e2fac8c3,pgh.admin,2020/11/10 16:12:06.343+00,pgh.admin,2020/11/10 16:12:06.343+00,Parks - Northern,6.4179415111903,e47fe3bb-9891-48f1-9a48-da6295a087f0,44930.03515625,962.288433488359
17,39,0.1516952,6607.81656423,Beautification Site,BTF,14,Craft Triangle,Craft Triangle,Craft Triangle,Schenley,249.4495686,ed06cbc2-d61c-453c-a61f-0b2f2aea4fac,pgh.admin,2020/11/10 16:12:06.343+00,pgh.admin,2020/11/10 16:12:06.343+00,3rd Division,8.77785462922157E-02,218779a6-f50b-4587-83fc-76c2ad148043,613.890625,99.9276835879911
18,16,0.48081782,20944.34061654,Beautification Site,BTF,14,Bates St Triangle,Bates St Triangle,Bates St Triangle,Schenley,431.50681888,88d2aac9-ab97-4fe4-95de-093659d7a5fd,pgh.admin,2020/11/10 16:12:06.343+00,pgh.admin,2020/11/10 16:12:06.343+00,3rd Division,0.278234841324518,fcdcfafc-11fc-414a-9d2f-8e056851b3ab,1945.78125,172.882153721956
19,104,10.42859487,454267.77554176,Neighborhood Park,NP,13,Leslie Park,Leslie Park,Leslie Park,Northeast,2066.00460031,8728e9ee-a6c5-49fa-80f8-b369a26aae02,pgh.admin,2020/11/10 16:12:06.343+00,pgh.admin,2020/11/10 16:12:06.343+00,Parks - Northeast,6.02794436722474,dda0833f-0613-4930-93bb-66e30350fa76,42203.01953125,828.42073406899
20,93,0.05964408,2598.08577901,Beautification Site,BTF,16,Jail Triangle,Jail Triangle,Jail Triangle,State,169.0067854,2193e97c-d602-446e-94a5-d37370e864ec,pgh.admin,2020/11/10 16:12:06.343+00,pgh.admin,2020/11/10 16:12:06.343+00,6th Division,3.45108438562134E-02,3de77e53-3197-4bd0-808a-85ef5dfbf0b1,241.375,67.6634128681743
21,177,2.04041525,88880.1326501,Neighborhood Park,NP,10,Swisshelm Parklet,Swisshelm Park,Swisshelm Park,Eastern,909.71795803,a345eae0-81c6-4e68-88ef-e73c5717311f,pgh.admin,2020/11/10 16:12:06.343+00,pgh.admin,2020/11/10 16:12:06.343+00,Parks - Eastern,1.18120923960782,922ca8d8-e2bc-4236-a68b-36ec2ba1fad6,8257.27734375,364.462447565535
22,204,1.12126522,48842.11772653,Neighborhood Park,NP,4,Townsend Parklet,Townsend Park,Townsend Park,Western,669.53504644,446d0fe8-1532-4253-8258-fcb5c0677421,pgh.admin,2020/11/10 16:12:06.343+00,pgh.admin,2020/11/10 16:12:06.343+00,Parks - Western,0.648685086272452,5a34c815-6b03-4217-8017-6234a07d77bb,4537.61328125,268.291037707778
23,95,9.3684118,408086.38544114,Neighborhood Park,NP,12,Joe Natoli Playground,Joe Natoli Park,Joe Natoli Park,Northeast,2027.25345377,bc75545d-28e9-4c68-b1fd-40fa6c3b3bbf,pgh.admin,2020/11/10 16:12:06.343+00,pgh.admin,2020/11/10 16:12:06.343+00,Parks - Northeast,5.41337555544003,8485996f-3ffc-4b7f-9930-3e62e70739f7,37912.62109375,812.79938199073
24,62,6.14574771,267707.69930688,Neighborhood Park,NP,4,Fairywood Playground,Fairywood Park,Fairywood Park,Western,1580.61786622,b14e6db3-cd9c-4ce2-9b58-aa2632b7a75f,pgh.admin,2020/11/10 16:12:06.343+00,pgh.admin,2020/11/10 16:12:06.343+00,Parks - Western,3.5548767709444,c6dea7b6-ccb2-42dd-9d75-cc6ae01e4f07,24870.94140625,633.400422720458
25,114,5.26850303,229495.07421997,Neighborhood Park,NP,3,Manchester Playground,Manchester School Park,Manchester School Park,Northern,1734.43395184,98a049bc-a038-4cf7-bc06-a8ab9c41582f,pgh.admin,2020/11/10 16:12:06.343+00,pgh.admin,2020/11/10 16:12:06.343+00,Parks - Northern,3.04674749625362,7c58e280-011b-4560-a619-8a2f2126dc49,21320.87109375,602.978513339878
27,106,2.00079282,87154.18642304,Beautification Site,BTF,16,Liberty Avenue Island,Liberty Avenue Island,Liberty Avenue Island,State,2220.12911752,ab150e5d-67ff-4b95-a634-3e3c5397f38b,pgh.admin,2020/11/10 16:12:06.343+00,pgh.admin,2020/11/10 16:12:06.343+00,6th Division,1.15757262254229,60c5e61f-16f7-482c-a884-35a3fde1e713,8096.93359375,888.842052885059
28,209,2.7897672,121521.77311018,Beautification Site,BTF,16,Fort Duquesne Blvd Strip,Fort Duquesne Blvd Strip,Fort Duquesne Blvd Strip,State,8077.47299568,683f2117-5293-470b-89bd-a70f4e6775bd,pgh.admin,2020/11/10 16:12:06.343+00,pgh.admin,2020/11/10 16:12:06.343+00,6th Division,1.61390665476499,127c452f-8c38-426a-be85-5e60492572f0,11289.78515625,3232.34408314909
29,218,15.28729261,665911.80240745,Neighborhood Park,NP,,,Washington's Landing Park,,,,,pgh.admin,2020/11/10 16:12:06.343+00,pgh.admin,2020/11/10 16:12:06.343+00,Parks - Northern,8.83743664318581,4bc43c46-fe0f-42d8-b206-a531a1622810,61865.47265625,1258.3431999142
30,134,1.54185982,67163.14517516,Beautification Site,BTF,12,Negley Run Blvd,Negley Run Blvd,Negley Run Blvd,Northeast,1568.61965766,0d64322c-0c5d-4008-9652-0cf4c8e5075e,pgh.admin,2020/11/10 16:12:06.343+00,pgh.admin,2020/11/10 16:12:06.343+00,2nd Division,0.891384557725449,1a783902-f50b-4ce9-853c-8bb57a099be1,6239.703125,628.000685950562
31,88,0.09797942,4267.96656138,Beautification Site,BTF,12,Highland Ave Plant Strip,Highland Ave Plant Strip,Highland Ave Plant Strip,Northeast,361.07461526,646d5e11-0ec7-4f5b-81ad-0e50bd2bfcbe,pgh.admin,2020/11/10 16:12:06.343+00,pgh.admin,2020/11/10 16:12:06.343+00,2nd Division,5.66455495535085E-02,5f836a6b-0634-4479-b37e-90493af2175d,396.50390625,144.567812257912
32,136,0.27025547,11772.28128756,Beautification Site,BTF,12,Negley-Collins Triangle,Negley-Collins Triangle,Negley-Collins Triangle,Northeast,340.7149413,6800cfe2-5d26-4f19-a71f-8e507978ad94,pgh.admin,2020/11/10 16:12:06.343+00,pgh.admin,2020/11/10 16:12:06.343+00,2nd Division,0.156242956138908,a08d5e0d-1110-481e-b10e-43e83abf4562,1093.6796875,136.510972072081
33,124,1.0477129,45638.19124219,Beautification Site,BTF,11,McPherson Blvd Strip,McPherson Blvd Strip,McPherson Blvd Strip,Eastern,2418.06827803,7b7961f7-5e49-410f-a46c-cb27d41465fc,pgh.admin,2020/11/10 16:12:06.343+00,pgh.admin,2020/11/10 16:12:06.343+00,Parks - Eastern,0.605921195433321,81ea5c88-b81c-49ce-a48d-1ef28a644f83,4239.94921875,968.221965195105
34,179,1.0229946,44561.46656094,Beautification Site,BTF,11,Thomas Blvd Planting Strip,Thomas Blvd Planting Strip,Thomas Blvd Planting Strip,Eastern,2507.73330983,241f501a-1070-401c-b117-168461d0d1ca,pgh.admin,2020/11/10 16:12:06.343+00,pgh.admin,2020/11/10 16:12:06.343+00,Parks - Eastern,0.591641293305781,891f8ba4-b455-4c78-9a23-badbe75ad792,4139.921875,1004.09444420046
35,100,0.21528455,9377.75754525,Beautification Site,BTF,10,Le Roi Rd Island,Le Roi Rd Island,Le Roi Rd Island,Eastern,541.81569145,f6aa791b-e26a-4809-8abb-6b6b83fc14cc,pgh.admin,2020/11/10 16:12:06.343+00,pgh.admin,2020/11/10 16:12:06.343+00,3rd Division,0.124531542325976,e239406c-4087-4276-a14d-339d256249bd,871.21484375,217.385188566091
36,159,0.06555962,2855.76543632,Beautification Site,BTF,10,Reynolds St Planting Circle,Reynolds St Planting Circle,Reynolds St Planting Circle,Eastern,144.68059197,530e9f89-cd66-4416-bcfc-5427f7dd7f84,pgh.admin,2020/11/10 16:12:06.343+00,pgh.admin,2020/11/10 16:12:06.343+00,3rd Division,3.79243799366842E-02,2058dd73-c88a-45e9-a89b-5b7077c570ed,265.30859375,57.9812546206293
37,76,0.00184874,80.53057686,Beautification Site,BTF,10,Glen Arden Circle,Glen Arden Circle,Glen Arden Circle,Eastern,24.316377,c273533e-c3d7-41a9-ad58-cac20ff7937b,pgh.admin,2020/11/10 16:12:06.343+00,pgh.admin,2020/11/10 16:12:06.343+00,3rd Division,1.06941895512493E-03,bb664ae7-3f6b-4822-9ec2-1e5670722076,7.484375,9.74490836106217
38,77,0.01245659,542.60680675,Beautification Site,BTF,10,Glen Arden Triangle,Glen Arden Triangle,Glen Arden Triangle,Eastern,69.95243577,42b935d1-085d-4ec1-951b-8c2e02bf702a,pgh.admin,2020/11/10 16:12:06.343+00,pgh.admin,2020/11/10 16:12:06.343+00,3rd Division,7.20539825269681E-03,0b7975db-2ad4-4695-9101-d7aac8f60cc3,50.40625,28.0412167618791
39,57,0.00285936,124.55301679,Beautification Site,BTF,10,Edgerton Circle,Edgerton Circle,Edgerton Circle,Eastern,30.2251192,aaa0ea46-f889-43ee-92a4-8d2cb5f28154,pgh.admin,2020/11/10 16:12:06.343+00,pgh.admin,2020/11/10 16:12:06.343+00,3rd Division,1.65398580598273E-03,676de1e1-5b46-421e-b6cf-9a299d6e144b,11.56640625,12.1129845563024
40,126,1.16175929,50606.03238173,Beautification Site,BTF,10,Mellon Park Island,Mellon Park Island,Mellon Park Island,Eastern,744.325083,79324a1c-1ea2-4101-8abc-c0bb3353dfc8,pgh.admin,2020/11/10 16:12:06.343+00,pgh.admin,2020/11/10 16:12:06.343+00,3rd Division,0.671927133820977,907b2dbc-fd60-4c1c-9011-3aaa54b53d59,4701.47265625,298.394611165586
41,151,0.12732842,5546.40362235,Beautification Site,BTF,12,Penn Circle W Triangle,S Euclid Ave Triangle,S Euclid Ave Triangle,Northeast,345.90545485,2a334f85-c134-4aac-8158-d03cf25f5b55,pgh.admin,2020/11/10 16:12:06.343+00,pgh.admin,2020/11/10 16:12:06.343+00,2nd Division,7.36210130154146E-02,ce09e940-301a-4611-b196-85639c0f86a5,515.27734375,138.674743941838
42,150,0.05156951,2246.35870145,Beautification Site,BTF,12,Penn Circle W Square,N Euclid Ave Square,N Euclid Ave Square,Northeast,194.32174019,d12831e9-bd61-4c52-ab4d-9931dd5f4f42,pgh.admin,2020/11/10 16:12:06.343+00,pgh.admin,2020/11/10 16:12:06.343+00,2nd Division,2.98172387221314E-02,7bf0a4cc-7323-42b9-875a-c1fc6b27f2db,208.6953125,77.8427059974591
43,8,0.17855903,7778.00011895,Beautification Site,BTF,12,Amber Triangle,Amber Triangle,Amber Triangle,Northeast,296.74385881,f2ac7993-bc0c-4271-9071-e469f8f652cc,pgh.admin,2020/11/10 16:12:06.343+00,pgh.admin,2020/11/10 16:12:06.343+00,2nd Division,0.103252856434758,39387e16-b52a-4893-8857-af8ebf7c27aa,722.6171875,118.904249355041
44,17,0.47781632,20813.59571412,Beautification Site,BTF,12,Baum Negley Triangle,Baum Negley Triangle,Baum Negley Triangle,Northeast,504.37222474,fa3d8490-619c-4c5d-acee-a60c745dd8b5,pgh.admin,2020/11/10 16:12:06.343+00,pgh.admin,2020/11/10 16:12:06.343+00,2nd Division,0.276303387360869,ea5e1a81-7f53-49be-82f6-f149aae43360,1933.64453125,202.080501179449
45,69,7.85365843,342103.99295694,Beautification Site,BTF,12,Frankstown Triangle 1 & 2,Frankstown Triangle 1 & 2,Frankstown Triangle 1 & 2,Northeast,3139.28567015,732bc31d-d5bf-4d93-b8be-795a9bdeaf77,pgh.admin,2020/11/10 16:12:06.343+00,pgh.admin,2020/11/10 16:12:06.343+00,2nd Division,4.54113022302529,9a59fbad-5c58-4d85-8862-93181408095a,31782.63671875,1259.27087224346
46,155,0.03998018,1741.52949276,Beautification Site,BTF,13,Polish Hill Monument,Polish Hill Monument,Polish Hill Monument,Schenley,134.44142936,b37088bf-d7c0-401e-9d93-e5f9f85ca70b,pgh.admin,2020/11/10 16:12:06.343+00,pgh.admin,2020/11/10 16:12:06.343+00,2nd Division,2.31203503152232E-02,a4c5e804-2a94-4217-b6a3-45fc5c461386,161.78515625,53.9272349600803
47,128,0.13659002,5949.83764709,Beautification Site,BTF,10,Monitor St and St Phil Islands,Monitor St and St Phil Islands,Monitor St and St Phil Islands,Eastern,251.94530266,8b16bb3a-205c-4812-aa9a-ad87e31e2a78,pgh.admin,2020/11/10 16:12:06.343+00,pgh.admin,2020/11/10 16:12:06.343+00,3rd Division,7.90600733745719E-02,71d862ef-2d24-4e93-a6e4-4c64d1111543,552.76171875,100.902864147407
48,102,0.36268475,15798.48458799,Neighborhood Park,NP,1,Leister St Parklet,Leister Street Park,Leister Street Park,Northern,410.53604786,a9d16cfe-003c-476c-8ea2-0d522202d3ea,pgh.admin,2020/11/10 16:12:06.343+00,pgh.admin,2020/11/10 16:12:06.343+00,Parks - Northern,0.20970584063105,8f8a6836-bdae-4522-9294-5f21ab92dd8c,1467.734375,164.568271176196
49,207,2.55713224,111388.23490063,Neighborhood Park,NP,5,Tropical Parklet,Tropical Park,Tropical Park,Western,1057.28576373,96b7ba58-af4f-4803-a06a-ee46a0219b12,pgh.admin,2020/11/10 16:12:06.343+00,pgh.admin,2020/11/10 16:12:06.343+00,Parks - Southern,1.48028570712865,9fe86897-ebb2-495b-9209-a1057db7fdeb,10348.34765625,423.434904320372
50,113,3.98755887,173697.36938177,Neighborhood Park,NP,3,Manchester Park,Manchester Park,Manchester Park,Northern,1563.26918368,ce0b955c-091a-4ce4-a0bd-6f24dfe298bb,pgh.admin,2020/11/10 16:12:06.343+00,pgh.admin,2020/11/10 16:12:06.343+00,Parks - Northern,2.30585030549876,643e8d1a-9dfa-4a5e-8a4a-b16c521ef5a2,16137.078125,626.167594035937
51,225,1.58614227,69092.08097968,Neighborhood Park,NP,,,Washburn Square Park,,,,,pgh.admin,2020/11/10 16:12:06.343+00,pgh.admin,2020/11/10 16:12:06.343+00,Parks - Northern,0.916981317449163,cc3afabc-09b8-423b-bff9-0290eb649fe7,6418.890625,376.619445633425
52,83,2.17950977,94939.06597554,Neighborhood Park,NP,8,Hays Parklet,Hays Park,Hays Park,Southern,1369.16447913,286d8335-f1a8-402b-969d-0ede4cfcd2cc,pgh.admin,2020/11/10 16:12:06.343+00,pgh.admin,2020/11/10 16:12:06.343+00,Parks - Eastern,1.26313166940442,ba5db3d7-df00-4428-b014-18160b4e11a0,8820.15625,548.102964564386
53,185,4.21096053,183428.70705924,Neighborhood Park,NP,4,Wabash Playground,Wabash Park,Wabash Park,Western,1676.46021167,92eb8cf6-4bbf-4a30-8b50-91ffe4b4fdda,pgh.admin,2020/11/10 16:12:06.343+00,pgh.admin,2020/11/10 16:12:06.343+00,Parks - Western,2.43646042310085,d4de4497-2f02-42bb-84d0-029b4dfa4c02,17041.1484375,672.525133989985
54,117,0.45001569,19602.60513742,Neighborhood Park,NP,2,Marshall- California Parklet,Marshall-California Park,Marshall-California Park,Northern,410.24135099,983fe92d-da67-43c0-8bc3-997714b25d4d,pgh.admin,2020/11/10 16:12:06.343+00,pgh.admin,2020/11/10 16:12:06.343+00,Parks - Northern,0.260197899727601,540bc8fb-2abf-4edd-923c-82e2739ad201,1821.16796875,164.399718663911
55,54,19.25445967,838720.90843239,Community Park,CP,11,East Hills Park,East Hills Park,East Hills Park,Eastern,3990.46535446,ef396672-2c4a-4eda-ae69-204f645a1602,pgh.admin,2020/11/10 16:12:06.343+00,pgh.admin,2020/11/10 16:12:06.343+00,Parks - Eastern,11.1359222086718,31b19fdc-7c12-494f-8dba-b7ff1339b90c,77920.0234375,1599.65406876216
56,223,0.02840184,1237.17916209,Special Use Park,SU,,,Swisshelm War Memorial,,,,,pgh.admin,2020/11/10 16:12:06.343+00,pgh.admin,2020/11/10 16:12:06.343+00,3rd Division,0.016442144773045,1e4a5260-d9f0-411c-a980-d3e941d02ea8,114.9375,46.4721486479487
57,97,1.5965665,69546.15852439,Neighborhood Park,NP,12,Kite Hill Parklet,Kite Hill Park,Kite Hill Park,Northeast,858.45771873,02503ebc-2418-4c2e-b973-7e5d809e7408,pgh.admin,2020/11/10 16:12:06.343+00,pgh.admin,2020/11/10 16:12:06.343+00,Parks - Northeast,0.923007701403817,5ef882af-6bda-4e5c-b67b-60a4bc7b28a7,6461.078125,344.312798526425
58,202,190.95666443,8318039.03022592,Regional Park,RP,6,Other Undesignated Property,Emerald View Regional Park,Emerald View Regional Park,Western,69193.6153746,9eadaba3-1096-43fe-8237-adca8c01c9e0,pgh.admin,2020/11/10 16:12:06.343+00,pgh.admin,2020/11/10 16:12:06.343+00,,110.499786132879,3a21cdd2-de69-4c16-a74b-f864c6d1cdb7,772774.13671875,28433.549695509
59,6,0.22526713,9812.59709983,Neighborhood Park,NP,3,Alpine #2 Parklet,Alpine Gardens Park,Alpine Gardens Park,Northern,302.56218263,d2665673-a177-4850-8941-8ce097a592ec,pgh.admin,2020/11/10 16:12:06.343+00,pgh.admin,2020/11/10 16:12:06.343+00,Parks - Northern,0.130267253945881,4f5de987-1d7c-4dad-9468-68e432acd0cf,1229.546875,200.500251565029
60,203,0.65590572,28571.13899609,Neighborhood Park,NP,1,Lookout St Parklet,Lookout Street Park,Lookout Street Park,Northern,732.17211657,cf15f763-5076-4f31-875f-93d14fdd8a03,pgh.admin,2020/11/10 16:12:06.343+00,pgh.admin,2020/11/10 16:12:06.343+00,Parks - Northern,0.655905722704141,39129389-3bc6-4445-af7b-d63c216c4160,2654.359375,223.166507462095
61,42,0.51205093,22304.84908836,Neighborhood Park,NP,2,Cross & Strauss Parklet,Cross and Strauss Park,Cross and Strauss Park,Northern,474.7128683,f9c675a5-8da5-4e06-a308-2cf81ad5cc8f,pgh.admin,2020/11/10 16:12:06.343+00,pgh.admin,2020/11/10 16:12:06.343+00,Parks - Northern,0.296044063497374,5da4b18f-a15d-4afa-9505-c0219757ebc7,2072.203125,190.354349664312
62,52,0.81221568,35379.97350379,Neighborhood Park,NP,4,East Carnegie Parklet,East Carnegie Park,East Carnegie Park,Western,573.2494265,dc099b67-b6ee-46da-bb87-4a7086b3c33a,pgh.admin,2020/11/10 16:12:06.343+00,pgh.admin,2020/11/10 16:12:06.343+00,Parks - Western,0.470285087389201,90fe5240-1d56-492d-b01d-728c6e4e6ffb,3286.91796875,229.61991753294
63,213,3.16173908,137724.80351798,Community Park,CP,2,Garvin Park,Garvin Park,Garvin Park,Northern,1257.12905344,ab7d15a3-5b0e-443c-bf14-dcd01d68da59,pgh.admin,2020/11/10 16:12:06.343+00,pgh.admin,2020/11/10 16:12:06.343+00,Parks - Northern,1.82649039383316,b6b2d12c-9d62-4ce1-a33f-2bdf5071ad8a,12795.109375,503.972314270412
64,220,1.17459438,51165.12663775,Special Use Park,SU,,,West End Healthy Active Living Center,,,,,pgh.admin,2020/11/10 16:12:06.343+00,pgh.admin,2020/11/10 16:12:06.343+00,Parks - Western,0.679624018883778,d0068d65-87bf-4370-af16-cc78195ee1d9,4753.4140625,280.345052089271
65,73,5.92529055,258104.62378868,Neighborhood Park,NP,1,Gardner Field,Gardner Park,Gardner Park,Northern,1857.62322656,62e2d7c6-aeec-4aef-83a6-3fd1f4dcb8ee,pgh.admin,2020/11/10 16:12:06.343+00,pgh.admin,2020/11/10 16:12:06.343+00,Parks - Northern,3.42606895595675,56744ccf-74fc-4fc5-86be-a0bcc352ddb5,23978.8046875,744.821627789134
66,137,0.36225248,15779.65512104,Neighborhood Park,NP,12,Nelson Mandela Peace Park,Nelson Mandela Peace Park,Nelson Mandela Peace Park,Northeast,380.74585599,35047ae7-12cb-4117-a56d-9651d14ca53e,pgh.admin,2020/11/10 16:12:06.343+00,pgh.admin,2020/11/10 16:12:06.343+00,Parks - Northeast,0.209431719108002,f0f925ca-325c-43bc-8fca-41092462366d,1465.98828125,152.678558377553
67,219,0.09746492,4245.55514126,Regional Park,RP,,,Emerald View Park - Shiloh Street Park,,,,,pgh.admin,2020/11/10 16:12:06.343+00,pgh.admin,2020/11/10 16:12:06.343+00,Parks - Western,5.64057225270754E-02,d436f56c-9463-4a77-9036-cc111eb1ecae,394.42578125,80.7561892268673
68,147,0.15556989,6776.59709324,Beautification Site,BTF,14,Parkview Islands,Parkview Islands,Parkview Islands,Schenley,1353.95997309,1f683a5a-8c27-4cdf-b2cb-5d8ac86be602,pgh.admin,2020/11/10 16:12:06.343+00,pgh.admin,2020/11/10 16:12:06.343+00,3rd Division,9.00218678993007E-02,df5653aa-e219-499f-bd0a-233efe8393b3,629.59375,543.372449584444
69,41,0.26701186,11630.99030373,Public School,SCH,11,Crescent School,Crescent School,Falson School,Eastern,345.24365468,222181fd-ed02-4c3c-819a-8dbea5c5bdea,pgh.admin,2020/11/10 16:12:06.343+00,pgh.admin,2020/11/10 16:12:06.343+00,,0.154424531398537,f1f2d626-44c8-44ba-8ec0-817b73eea4bf,1080.5625,138.292226859571
70,107,1.8666749,81312.03335395,Public School,SCH,12,Liberty School,Liberty School,Liberty School,Eastern,862.76582467,7e29fb69-a731-4ce0-85f8-70d360271a0a,pgh.admin,2020/11/10 16:12:06.343+00,pgh.admin,2020/11/10 16:12:06.343+00,,1.07958498735957,f4aac312-5ff5-4c79-ae57-67793133d687,7554.1640625,345.843392198159
71,109,0.27792302,12106.27820077,Public School,SCH,10,Linden School,Linden School,Linden School,Eastern,348.56388214,37de6533-2203-4575-8815-945d7bde9192,pgh.admin,2020/11/10 16:12:06.343+00,pgh.admin,2020/11/10 16:12:06.343+00,,0.160777662247079,1bb20343-d886-4219-a797-e983adb615c3,1124.7109375,139.739064445004
72,174,0.36176319,15758.34151919,Public School,SCH,10,Sterrett School,Sterrett School,Sterrett School,Eastern,463.3846429,b3f7c2e7-4ae8-48f0-8a52-ce76c705e7be,pgh.admin,2020/11/10 16:12:06.343+00,pgh.admin,2020/11/10 16:12:06.343+00,,0.209271536938466,0b64ec3a-3286-4990-ac89-f9cf7cc31277,1464.00390625,185.811096022342
73,173,0.65315794,28451.44592144,Public School,SCH,1,Spring Garden School,Spring Garden School,Spring Garden School,Northern,548.0688172,4fbc010b-b584-47c3-aaeb-606dd8bbb4d7,pgh.admin,2020/11/10 16:12:06.343+00,pgh.admin,2020/11/10 16:12:06.343+00,,0.377628743419746,514348a3-242c-45d8-a527-f335fb320145,2643.234375,219.567607075523
74,200,0.99455916,43322.82351679,Riverfront Park,RVR,16,Alcoa Park,Alcoa Park,Alcoa Park,State,912.32869495,66d69aea-4c7d-4aac-8aa6-9c7ef7453247,pgh.admin,2020/11/10 16:12:06.343+00,pgh.admin,2020/11/10 16:12:06.343+00,Parks - Northern,0.575309854258376,851581ca-4272-4eb1-9fa3-702fbf72bcdc,4024.828125,365.238981793713
75,157,0.03253361,1417.15847623,Beautification Site,BTF,10,Regent Square War Memorial,Regent Square War Memorial,Regent Square War Memorial,Eastern,111.75597167,5326f0a6-c72f-47bf-83d9-e739277fda7c,pgh.admin,2020/11/10 16:12:06.343+00,pgh.admin,2020/11/10 16:12:06.343+00,3rd Division,1.88256169210683E-02,cf1c599f-a5b1-437c-9668-76b3cb0fd7fd,131.6640625,44.7732989963624
76,162,0.97105979,42299.19516268,Neighborhood Park,NP,9,Saline St Parklet,Saline Street Green Space,Saline Street Park,Schenley,683.78369115,c9d04732-f884-4f01-b246-e63df43fedb8,pgh.admin,2020/11/10 16:12:06.343+00,pgh.admin,2020/11/10 16:12:06.343+00,3rd Division,0.562011862841636,62062f33-4711-44b0-b79b-7a31d8eab0e9,3929.73828125,273.973750005041
77,56,4.34142082,189111.53466589,Beautification Site,BTF,12,East Liberty Strip,East Liberty Blvd Strip,East Liberty Strip,Northeast,8837.89098497,8121f4fa-9924-4f9a-8873-2f401c09de85,pgh.admin,2020/11/10 16:12:06.343+00,pgh.admin,2020/11/10 16:12:06.343+00,Parks - Northeast,2.51003242072672,ed5e1bf8-a1d0-4fad-8c6e-cfec7fa3e1be,17569.05078125,3541.12631433603
78,82,0.44712072,19476.50061573,Beautification Site,BTF,14,Harris Triangle,Harris Triangle,Harris Triangle,Northeast,646.68556183,d842d827-fc4b-4451-98da-151fc35d1a76,pgh.admin,2020/11/10 16:12:06.343+00,pgh.admin,2020/11/10 16:12:06.343+00,3rd Division,0.258573604065345,aea80c51-59fb-43da-97f2-9ca53ed1165a,1809.4375,259.524430389258
79,3,4.33329299,188757.48779264,Community Park,CP,3,Allegheny Center Plaza Park,Buhl Community Park at Allegheny Square,Buhl Community Park at Allegheny Square,State,1999.77616622,8d8c8881-084a-4daf-b347-d9e9dc83f9b7,pgh.admin,2020/11/10 16:12:06.343+00,pgh.admin,2020/11/10 16:12:06.343+00,Parks - Northern,2.50624171968508,346f9fe5-7c57-4ca1-96e4-478131603f45,17536.22265625,801.437294222928
80,111,0.26446693,11520.13348561,Other,OTR,3,Loraine St Tot Lot,Loraine St Park,Loraine St Tot Lot,Northern,333.32413188,bcd30104-5771-41b0-84f9-79aa9187f0e8,pgh.admin,2020/11/10 16:12:06.343+00,pgh.admin,2020/11/10 16:12:06.343+00,1st Division,0.152931202836983,ef31cdb2-ced3-435e-9d47-ecfeb2f6c475,1070.2578125,133.560720306673
81,135,0.52785852,22993.42500495,Beautification Site,BTF,12,Negley Run Strip,Negley Run Strip,Negley Run Strip,Northeast,2218.24432926,8ac3fca1-8733-447b-988f-7aee4671ad77,pgh.admin,2020/11/10 16:12:06.343+00,pgh.admin,2020/11/10 16:12:06.343+00,2nd Division,0.305173065851135,0397299d-73cd-4e7b-a952-63b25517acc9,2136.16796875,888.777460159789
82,19,0.4475802,19496.51571799,Beautification Site,BTF,16,Bedford Strip,Bedford Strip,Bedford Strip,Schenley,1553.55958981,dfea1aef-b523-4d33-af69-492304f521a0,pgh.admin,2020/11/10 16:12:06.343+00,pgh.admin,2020/11/10 16:12:06.343+00,3rd Division,0.258935333587447,42a31886-26e0-4b9b-ab24-2278851cf213,1811.29296875,621.997643056603
83,163,0.58347686,25416.1501698,Beautification Site,BTF,10,Saline St Passive Area,Saline St Passive Area,Saline St Passive Area,Schenley,586.93326181,dddea333-de61-4d3e-82ef-0c05ef00d7be,pgh.admin,2020/11/10 16:12:06.343+00,pgh.admin,2020/11/10 16:12:06.343+00,3rd Division,0.337794573743559,865b90f0-6f48-40f3-af03-0a94ce6e9218,2361.26171875,234.989365058319
84,195,0.10306212,4489.36795331,Beautification Site,BTF,10,Windermere Circle 1 & 2,Windermere Circle 1 & 2,Windermere Circle 1 & 2,Eastern,286.38037285,c486c01d-a722-4530-8c78-9f4a243b4d7f,pgh.admin,2020/11/10 16:12:06.343+00,pgh.admin,2020/11/10 16:12:06.343+00,3rd Division,0.059660020273279,5f49f00e-1a66-44a7-b98b-bf1a9e2822e4,417.0703125,114.703105266777
85,182,0.40689817,17724.4132478,Beautification Site,BTF,10,Vietnam Island,Vietnam Island,Vietnam Island,Eastern,899.71781979,0b4033fe-1588-4f0d-a39e-8d4212910b61,pgh.admin,2020/11/10 16:12:06.343+00,pgh.admin,2020/11/10 16:12:06.343+00,3rd Division,0.235438637295322,fedb0e8c-9406-4a2f-b558-46aaec359f8e,1646.66796875,359.951227654216
86,217,0.26485281,11536.94246661,Special Use Park,SU,,,Oliver Bath House,,,,,pgh.admin,2020/11/10 16:12:06.343+00,pgh.admin,2020/11/10 16:12:06.343+00,Parks - Southern,0.153286178640392,7a201cdc-29f5-42d6-9453-682d13ff2543,1071.8203125,133.510082626291
87,131,1.03856475,45239.69950159,Beautification Site,BTF,12,Morrow Triangle,Morrow Triangle Park,Morrow Triangle,Northeast,682.96902252,074eb498-c5ce-4a44-a57e-3da9bb631f88,pgh.admin,2020/11/10 16:12:06.343+00,pgh.admin,2020/11/10 16:12:06.343+00,Parks - Northeast,0.600600832149799,ed63e0a7-df15-4b7a-b952-fa897bffeb33,4202.94140625,273.71163679685
88,110,0.44370401,19327.66943983,Special Use Park,SU,6,Lodge Potenza Senior Center,Lodge Potenza Healthy Active Living Center,Lodge Potenza Senior Center,Western,471.67752809,8a29e613-32df-49c3-8a6c-f48f768f311f,pgh.admin,2020/11/10 16:12:06.343+00,pgh.admin,2020/11/10 16:12:06.343+00,Parks - Western,0.256793832764062,d7993335-b0e0-4599-8535-5b659e36328c,1795.60546875,189.033370195711
89,31,11.72349493,510673.39638332,Neighborhood Park,NP,9,Burgwin Playground,Burgwin Park,Burgwin Park,Schenley,2232.75902233,93e12c43-773c-47cb-82a3-91787e9bed98,pgh.admin,2020/11/10 16:12:06.343+00,pgh.admin,2020/11/10 16:12:06.343+00,Parks - Eastern,6.79012553390798,b427dc40-b9f0-4147-a58c-804dfc4609ed,47443.3203125,893.982741332736
90,84,2.25595312,98268.92468858,Special Use Park,SU,9,Hazelwood Senior Center,Hazelwood Healthy Active Living Center,Hazelwood Senior Center,Schenley,959.54010567,6d68e648-9a59-4a3e-a7af-2206e8e4ee32,pgh.admin,2020/11/10 16:12:06.343+00,pgh.admin,2020/11/10 16:12:06.343+00,Parks - Eastern,1.30666391438135,ec8000d0-fc1b-47b1-b8a5-06b3265c0e90,9129.515625,384.282628957349
91,138,0.38737296,16873.89882989,Neighborhood Park,NP,14,Niagara Parklet,Niagara Park,Niagara Park,Schenley,395.33651145,590b1935-1d5d-4c5d-bd92-b1b469bc3c1c,pgh.admin,2020/11/10 16:12:06.343+00,pgh.admin,2020/11/10 16:12:06.343+00,Parks - Schenley,0.224161937546676,ce9e5819-844d-434c-abb0-ca7f8bcfa265,1567.6484375,158.405938357383
92,183,2.70522324,117839.05308332,Neighborhood Park,NP,15,Vincennes Parklet,Vincennes Park,Vincennes Park,Schenley,1142.21399521,ebb605cb-0ca0-468f-b0b2-73a22e461106,pgh.admin,2020/11/10 16:12:06.343+00,pgh.admin,2020/11/10 16:12:06.343+00,Parks - Schenley,1.56468200567506,60120560-8388-42bb-a5a8-f26a2c495b9c,10947.65234375,457.932176408872
93,99,0.75205281,32759.28932731,Neighborhood Park,NP,14,Lawn & Ophelia Playground,Lawn and Ophelia Park,Lawn and Ophelia Park,Schenley,701.5748464,1eb23da9-b4bd-4b7f-ae4b-f51bfe67db3f,pgh.admin,2020/11/10 16:12:06.343+00,pgh.admin,2020/11/10 16:12:06.343+00,Parks - Schenley,0.435181890191689,bad24342-6f71-42c2-96ba-5786c5b67360,3043.453125,281.117470982602
94,45,0.7410383,32279.49919848,Neighborhood Park,NP,11,Dallas Parklet,Dallas Park,Dallas Park,Eastern,575.21234312,7833f211-ee2a-44e4-997d-d83ed7f19972,pgh.admin,2020/11/10 16:12:06.343+00,pgh.admin,2020/11/10 16:12:06.343+00,Parks - Eastern,0.42852529094815,4ce7f92b-18e0-4484-9492-8fcd1f6ff616,2998.875,230.498226818405
95,18,2.29600394,100013.53169301,Neighborhood Park,NP,11,Baxter Parklet,Baxter Park,Baxter Park,Eastern,1418.32464469,73a669d2-df96-412e-b2e3-f23595df4ca4,pgh.admin,2020/11/10 16:12:06.343+00,pgh.admin,2020/11/10 16:12:06.343+00,Parks - Eastern,2.38599366728784,1894a833-059a-49d3-9b08-662aa0fd10aa,9291.59765625,423.811543751138
96,91,0.38255184,16663.89137955,Special Use Park,SU,11,Homewood Senior Center,Homewood Healthy Active Living Center,Homewood Senior Center,Eastern,410.87559451,38905c2c-76b0-4f28-8608-655f6a76897b,pgh.admin,2020/11/10 16:12:06.343+00,pgh.admin,2020/11/10 16:12:06.343+00,Parks - Eastern,0.221227191691103,562806f0-e4ff-48cc-82a0-47900a78ff6e,1548.1328125,164.751634960463
97,46,2.5953637,113053.59057341,Neighborhood Park,NP,10,Davis Parklet,Davis Park,Davis Park,Eastern,1052.34532258,0c5ad046-197c-4180-b444-321700e6bbf9,pgh.admin,2020/11/10 16:12:06.343+00,pgh.admin,2020/11/10 16:12:06.343+00,Parks - Eastern,1.50196798721812,4185f072-8e10-4954-b8c9-fb76eaf1d88d,10503.06640625,421.33777169433
98,115,1.15757523,50423.77526644,Community Park,CP,16,Market Square Park,Market Square Park,Market Square Park,State,654.39000431,2135e0d3-02e0-47df-bd9c-fd24eba4397d,pgh.admin,2020/11/10 16:12:06.343+00,pgh.admin,2020/11/10 16:12:06.343+00,Parks - Northern,0.669738332314229,75b5f981-b881-473e-b297-9268a2b4e5e3,4684.53515625,262.159506235817
100,24,1.76603737,76928.28002757,Neighborhood Park,NP,6,Bon Air Tot Lot,Bon Air Park,Bon Air Park,Southern,939.81120638,48c76f2a-fc5c-4ed8-9ab0-465403a64d69,pgh.admin,2020/11/10 16:12:06.343+00,pgh.admin,2020/11/10 16:12:06.343+00,Parks - Southern,1.02277615627003,7fe1a270-a1c3-4fe8-8e03-2fda80af88ac,7146.89453125,376.095427348974
101,132,79.42559708,3459765.16970875,Regional Park,RP,6,Mt. Washington Park,Emerald View Park - Mt. Washington Park,Emerald View Regional Park,Western,11386.2207019,59f0daee-69f6-46e3-b6a8-f7586c78f386,pgh.admin,2020/11/10 16:12:06.343+00,pgh.admin,2020/11/10 16:12:06.343+00,Parks - Western,79.4255970801412,9ff42a53-0aaf-40b9-81e6-9e4211d1f3ce,321424.02734375,4647.21977444147
102,148,3.29930291,143717.05991613,Neighborhood Park,NP,5,Pauline Parklet,Pauline Park,Pauline Park,Western,1481.1094511,8d2ca331-e92f-4081-91f6-a991b913975d,pgh.admin,2020/11/10 16:12:06.343+00,pgh.admin,2020/11/10 16:12:06.343+00,Parks - Southern,1.91091317559531,7b1de7fb-6539-4d13-b5ad-5e5f4bca26ea,13351.80859375,593.252150760519
103,222,0.67543265,29421.72833604,Special Use Park,SU,,,Paulson Rec Center,,,,,pgh.admin,2020/11/10 16:12:06.343+00,pgh.admin,2020/11/10 16:12:06.343+00,Parks - Northeast,0.390467293365766,9faf0539-274b-44dc-9af1-61ec71468d85,2733.37890625,221.126776415066
104,221,0.23903453,10412.30236248,Special Use Park,SU,,,Beechview Healthy Active Living Center Park,,,,,pgh.admin,2020/11/10 16:12:06.343+00,pgh.admin,2020/11/10 16:12:06.343+00,Parks - Southern,0.138420607149478,8e24f6a9-e2ae-414b-8ccb-420959f2fa05,967.3359375,124.54418185499
106,98,2.55200283,111164.79873532,Neighborhood Park,NP,12,Larimer Playground,Larimer Park,Larimer Park,Northeast,1546.479562,e2dfdfa0-07bf-44bc-b67a-987e04079b1f,pgh.admin,2020/11/10 16:12:06.343+00,pgh.admin,2020/11/10 16:12:06.343+00,Parks - Northeast,1.47539224774835,df0aa4d5-1110-4bf1-b94e-73ece7e761e4,10327.5859375,620.127787300099
107,125,56.2576733,2450574.44657283,Community Park,CP,10,Mellon Park,Mellon Park,Mellon Park,Eastern,7625.3993799,afed3549-f340-4b7c-83dd-cee2c7b29ffe,pgh.admin,2020/11/10 16:12:06.343+00,pgh.admin,2020/11/10 16:12:06.343+00,Parks - Eastern,32.5369723817349,b1324703-44d5-4061-b7f7-d74b7cba8349,227666.73828125,3054.7296269697
108,149,7.20398349,313804.26563419,Neighborhood Park,NP,11,Paulson Playground,Paulson Park,Paulson Park,Eastern,2017.6125636,8180fb19-0d4a-451d-bec4-fc7decd19d52,pgh.admin,2020/11/10 16:12:06.343+00,pgh.admin,2020/11/10 16:12:06.343+00,Parks - Northeast,4.16458731421828,de2b3d05-c136-47f5-aba4-c58957f0e954,29153.48828125,808.906027446851
109,9,13.9719378,608615.17625769,Neighborhood Park,NP,15,Ammon Park,Ammon Park,Ammon Park,Schenley,2493.40740141,e8ad959c-58fa-4c30-baa0-4264c8d10705,pgh.admin,2020/11/10 16:12:06.343+00,pgh.admin,2020/11/10 16:12:06.343+00,Parks - Schenley,8.08163220824049,08a0e4c6-540f-425e-864b-34a3cccd0ddc,56542.40625,999.394522716953
110,101,1.20721986,52586.28682817,Beautification Site,BTF,2,Legion Memorial Park,Legion Memorial Park,Legion Memorial Park,Northern,786.64578979,8256c558-9b8e-4999-af5e-828fca9537b9,pgh.admin,2020/11/10 16:12:06.343+00,pgh.admin,2020/11/10 16:12:06.343+00,Parks - Northern,0.697612334639159,59e72fa5-aeaf-4981-a286-a8032a5a3b14,4885.4375,315.365335396037
111,30,7.57434417,329937.11219809,Neighborhood Park,NP,9,Bud Hammer Playground,Bud Hammer Park,Bud Hammer Park,Schenley,2043.23793256,7af3c8fe-087a-4e37-af3e-03860275b96c,pgh.admin,2020/11/10 16:12:06.343+00,pgh.admin,2020/11/10 16:12:06.343+00,Parks - Schenley,4.38484530487721,9d9aa6c6-821b-40cb-8f14-f9a6279fa698,30652.296875,848.274239654901
112,67,3.04792659,132767.1512667,Neighborhood Park,NP,9,Four Mile Run Playground,Four Mile Run Park,Four Mile Run Park,Schenley,2243.35767795,5add2480-4844-49fa-97f4-adba23a96075,pgh.admin,2020/11/10 16:12:06.343+00,pgh.admin,2020/11/10 16:12:06.343+00,Parks - Schenley,1.76412434404524,83476b31-0d76-410f-8a73-2cec564d5077,12334.51953125,898.727182629135
113,75,5.77550477,251579.98126982,Neighborhood Park,NP,9,Gladstone Field,Gladstone Park,Gladstone Park,Schenley,1630.11987804,2f062758-efae-4329-9ae2-4a4049c76c2f,pgh.admin,2020/11/10 16:12:06.343+00,pgh.admin,2020/11/10 16:12:06.343+00,Parks - Eastern,3.34405358882421,f896bcbe-95d9-46b9-9da4-10a1a63c3e6e,23372.6484375,653.376149370099
114,47,1.89795974,82674.7955443,Neighborhood Park,NP,13,Denny Parklet,Denny Park,Denny Park,State,1158.75039968,8c670a48-12e6-4067-9a59-a19f53d1aeea,pgh.admin,2020/11/10 16:12:06.343+00,pgh.admin,2020/11/10 16:12:06.343+00,Parks - Schenley,1.09754893653148,807c8239-973c-44eb-85b3-d6b5331f2b90,7680.76953125,464.389174432368
115,199,1.25678367,54745.27782004,Beautification Site,BTF,14,Zulema Passive Area,Zulema Park,Zulema Passive Area,Schenley,816.84075011,9b0e7c16-0d06-44a7-96ba-f616bd7d0fdb,pgh.admin,2020/11/10 16:12:06.343+00,pgh.admin,2020/11/10 16:12:06.343+00,Parks - Schenley,0.727245400846541,3c660ca0-a4cb-4fdd-917f-016a8c7a3f78,5086.03515625,327.087778127073
116,70,5.93328236,258452.7456781,Neighborhood Park,NP,14,Frazier Playground,Frazier Park,Frazier Park,Schenley,1740.35286534,f31f2520-2ab6-4e6b-8999-82166ba2e957,pgh.admin,2020/11/10 16:12:06.343+00,pgh.admin,2020/11/10 16:12:06.343+00,Parks - Schenley,3.43397554271669,a746d7d5-55d1-49fc-a3dd-b27d7801d4e2,24011.140625,697.167723127067
117,2,0.65945934,28725.933766,Neighborhood Park,NP,15,"Albert ""Turk"" Graham Parklet",Albert Turk Graham Park,"Albert ""Turk"" Graham Park",Schenley,542.40437763,98c0046f-47d7-455c-b39d-5183317e15d8,pgh.admin,2020/11/10 16:12:06.343+00,pgh.admin,2020/11/10 16:12:06.343+00,Parks - Schenley,0.381545410622112,f179e4a5-a3b5-4784-85da-515ff4b93975,2668.73828125,217.410276883691
118,36,2.6870654,117048.10053489,Neighborhood Park,NP,15,Cliffside Parklet,August Wilson Park,Cliffside Park,Schenley,1313.83264367,764d9a2f-719c-49c2-b747-8f276149bf04,pgh.admin,2020/11/10 16:12:06.343+00,pgh.admin,2020/11/10 16:12:06.343+00,Parks - Schenley,2.68706539781216,759fb339-0eb9-45c8-bf3e-038a1852c57a,10874.17578125,550.385413328627
119,48,11.28972933,491778.64249995,Neighborhood Park,NP,7,Devlin Field,Devlin Field Park,Devlin Field,Southern,2721.8691953,dd1c0a48-cb15-4324-acd9-3a88008cf1ed,pgh.admin,2020/11/10 16:12:06.343+00,pgh.admin,2020/11/10 16:12:06.343+00,Parks - Southern,6.53711777135626,45dad722-ead7-4ba0-9370-753cf7bd1567,45687.9140625,1090.50470590713
120,74,5.53723451,241200.97040906,Neighborhood Park,NP,12,Garland Parklet,Garland Park,Garland Park,Northeast,1899.44181991,57d9a24b-1e2e-45c4-b7b0-8ca0b4afb9de,pgh.admin,2020/11/10 16:12:06.343+00,pgh.admin,2020/11/10 16:12:06.343+00,Parks - Northeast,3.20147600835363,c7a19689-4ce7-4913-af7c-3188ce658c9f,22408.390625,761.726274699429
121,60,4.03795437,175892.58867601,Neighborhood Park,NP,12,Enright Parklet,Enright Park,Enright Park,Northeast,1394.57267633,37c10cb4-aa70-4cac-9887-6221b5664713,pgh.admin,2020/11/10 16:12:06.343+00,pgh.admin,2020/11/10 16:12:06.343+00,Parks - Northeast,2.33477639616619,737e5bb2-c57f-49d1-a0ed-299d9b5b4008,16341.02734375,559.156461075227
122,59,1.0670828,46481.9406795,Neighborhood Park,NP,7,Eleanor St Parklet,Eleanor Street Park,Eleanor Street Park,Southern,649.21057742,601181be-4c7c-482e-b656-cfa5d7602552,pgh.admin,2020/11/10 16:12:06.343+00,pgh.admin,2020/11/10 16:12:06.343+00,Parks - Southern,0.617733852509225,a9204de1-be87-4920-9332-962df35e232c,4318.3359375,260.059273998336
123,21,1.39103604,60593.28740701,Regional Park,RP,6,Bigbee Field,Emerald View Park - Bigbee Field Park,Emerald View Regional Park,Southern,908.29036986,5dbd0956-a4df-4f5a-b85d-0b5928ef258e,pgh.admin,2020/11/10 16:12:06.343+00,pgh.admin,2020/11/10 16:12:06.343+00,Parks - Western,0.805118062939112,ecfddcb6-9512-48f7-9b70-db304fe13376,5629.3125,363.487577395988
124,140,0.98375374,42852.14153332,Beautification Site,BTF,14,Oakland Square,Oakland Square,Oakland Square,Schenley,878.14842866,e2748b8b-a3d3-4195-9c81-58b9b2062c7c,pgh.admin,2020/11/10 16:12:06.343+00,pgh.admin,2020/11/10 16:12:06.343+00,3rd Division,0.569232067264089,a8f6a5bc-e68a-4be2-9b89-9cbc94189182,3981.10546875,351.465195838847
125,123,2.79371439,121693.71217285,Neighborhood Park,NP,3,McKnight Playground,McKnight Park,McKnight Park,Northern,1279.69245254,715318ec-dbf0-4148-a625-0277f6755aab,pgh.admin,2020/11/10 16:12:06.343+00,pgh.admin,2020/11/10 16:12:06.343+00,Parks - Northern,1.61581893283632,7b4abe14-2e3a-42cc-b597-ef2804289d2f,11305.765625,512.362476775626
126,197,0.47690515,20773.90523202,Neighborhood Park,NP,2,Woods Run Tot Lot,Woods Run Park,Woods Run Park,Northern,450.35200929,9b77f597-274e-44fa-8814-54660d31e924,pgh.admin,2020/11/10 16:12:06.343+00,pgh.admin,2020/11/10 16:12:06.343+00,Parks - Northern,0.275632387846405,fe10c9dc-c07d-47b0-a099-975a96ef5b00,1929.96875,180.483600378608
127,25,0.79081522,34447.77302359,Neighborhood Park,NP,14,Boundary St Tot Lot,Boundary Street Park,Boundary St. Park,Schenley,604.75253842,d6781a89-d8c3-4c74-b126-ce95efd574ed,pgh.admin,2020/11/10 16:12:06.343+00,pgh.admin,2020/11/10 16:12:06.343+00,Parks - Schenley,0.457571177561822,81301342-2526-46db-8b64-25547e579001,3200.3125,242.217935242989
128,5,2.04749695,89188.61037288,Riverfront Park,RVR,16,Allegheny Riverfront Park,Allegheny Riverfront Park,Allegheny Riverfront Park,State,3789.70684425,56eb2a1a-f465-4488-8ee7-2939c1a56513,pgh.admin,2020/11/10 16:12:06.343+00,pgh.admin,2020/11/10 16:12:06.343+00,Parks - Northern,1.18447938405569,eecc5a04-8eb7-4448-af0f-84f4ab2ec77c,8285.91796875,1516.45933450746
129,112,10.61911052,462566.60399365,Neighborhood Park,NP,9,Magee Playground,Magee Park,Magee Park,Schenley,2175.67690171,45b6cc70-4efb-4c09-9430-d2401edca968,pgh.admin,2020/11/10 16:12:06.343+00,pgh.admin,2020/11/10 16:12:06.343+00,Parks - Schenley,6.14670870028591,e2c178ac-c6fc-4fcd-9e8b-9ed4a4f01303,42974.015625,872.004164494663
130,118,6.01669289,262086.09387575,Neighborhood Park,NP,15,Martin Luther King Field,Martin Luther King Park,Martin Luther King Park,Schenley,1676.04109057,bfb9c411-1a59-4391-b943-43f1c525cdb4,pgh.admin,2020/11/10 16:12:06.343+00,pgh.admin,2020/11/10 16:12:06.343+00,Parks - Schenley,3.4811634516045,6df09895-c785-4266-9107-9e1131f32b93,24348.6953125,671.623973371154
131,181,0.18713935,8151.75755522,Neighborhood Park,NP,15,Tustin Tot Lot,Tustin Park,Tustin Park,Schenley,274.80882389,a5cbdc1d-502c-4d79-aa95-21d0699e578b,pgh.admin,2020/11/10 16:12:06.343+00,pgh.admin,2020/11/10 16:12:06.343+00,Parks - Schenley,0.10828599212621,8f59882f-1b6b-473e-8629-5c248ed16a33,757.328125,110.109747161702
132,161,21.28921889,927354.66525832,Neighborhood Park,NP,15,Robert E Williams Park,Robert E. Williams Park,Robert E. Williams Herron Hill Park,Schenley,2850.69033333,4390547d-5c60-4ce3-af1e-6850bc23786a,pgh.admin,2020/11/10 16:12:06.343+00,pgh.admin,2020/11/10 16:12:06.343+00,Parks - Schenley,12.3121982870022,9b4cd294-936c-4d5b-ad92-4f6bf16bf137,86154.421875,1142.48022982128
133,205,0.16838336,7334.74993505,Neighborhood Park,NP,14,Dunseith Tot Lot (Shalane's Play Yard),Shalane's Play Yard Park,Dunseith Park (Shalane's Play Yard),Schenley,262.06694187,9177883a-579b-4f61-a9a2-8be643b68407,pgh.admin,2020/11/10 16:12:06.343+00,pgh.admin,2020/11/10 16:12:06.343+00,Parks - Schenley,9.74161953257708E-02,83c8b6fb-0ecb-4ccd-a34f-09b2b11f9a66,681.42578125,105.031541778236
135,81,1.11188206,48433.38873139,Neighborhood Park,NP,15,Granville Parklet,Granville Park,Granville Park,Schenley,699.57107337,eea870bf-624f-48a6-86ba-81f5b2b87dae,pgh.admin,2020/11/10 16:12:06.343+00,pgh.admin,2020/11/10 16:12:06.343+00,Parks - Schenley,0.643230897739918,d3a7b142-581a-4f47-8bd1-46a36b651233,4499.62890625,280.409837523843
136,212,2.09963836,91459.88097235,Community Park,CP,4,Tuxedo Street Skate Park,Tuxedo Street Skate Park,Tuxedo Street Skate Park,Western,898.47162146,d54d5c1a-2212-4d36-8d4a-11f7d43e3c7f,pgh.admin,2020/11/10 16:12:06.343+00,pgh.admin,2020/11/10 16:12:06.343+00,Parks - Western,1.21433325837214,b58308a4-4ad3-404b-b2ef-1851b4841346,8496.94140625,359.96634957482
137,96,23.22185502,1011539.95870284,Neighborhood Park,NP,15,Kennard Playground,Kennard Park,Kennard Park,Schenley,3273.39535077,6354bb5b-f289-4868-a4b7-04d9ceb09d7b,pgh.admin,2020/11/10 16:12:06.343+00,pgh.admin,2020/11/10 16:12:06.343+00,Parks - Schenley,13.4346830646277,f98e5260-c831-4432-904e-1e4113dbd012,93975.515625,1312.7532441719
138,105,1.5458806,67338.28961938,Neighborhood Park,NP,9,Lewis Playground,Lewis Park,Lewis Park,Schenley,796.3927443,635c355b-aae2-42d7-ab29-d1d6a357bf97,pgh.admin,2020/11/10 16:12:06.343+00,pgh.admin,2020/11/10 16:12:06.343+00,Parks - Eastern,0.895134516650851,105644dd-34b4-4ac1-82b1-6a093e724fbd,6255.96484375,319.085515511555
139,176,5.92808111,258226.18033103,Neighborhood Park,NP,13,Sullivan Playground,Sullivan Park,Sullivan Park,Northeast,1791.92643888,58ad185e-9524-4e93-bc10-328dd2172dc1,pgh.admin,2020/11/10 16:12:06.343+00,pgh.admin,2020/11/10 16:12:06.343+00,Parks - Northeast,3.42760093099757,90959c57-a6eb-4e26-bb00-25bc44e95d02,23990.09765625,718.072031697461
140,127,2.42223092,105511.95690008,Community Park,CP,16,Mellon Square Park,Mellon Square Park,Mellon Square Park,State,972.19563334,edbff294-ea77-46e2-be64-dcfebbf319e8,pgh.admin,2020/11/10 16:12:06.343+00,pgh.admin,2020/11/10 16:12:06.343+00,Parks - Northern,1.40141912716669,4cebca4a-013e-4a15-85df-ba8acf850bad,9802.41796875,389.536308322276
141,33,0.82228138,35818.43377756,Neighborhood Park,NP,1,Catalano Parklet,Catalano Park,Catalano Park,Northern,567.15573912,747d5630-9fcb-42d3-bd33-ba7774dee3cb,pgh.admin,2020/11/10 16:12:06.343+00,pgh.admin,2020/11/10 16:12:06.343+00,Parks - Northern,0.475472069430679,96a4f540-e552-47ff-87af-0fcfdc6be0f1,3327.640625,227.295282749423
142,216,1.25575004,54700.25305114,Special Use Park,SU,,,Brighton Heights Healthy Active Living Center,,,,,pgh.admin,2020/11/10 16:12:06.343+00,pgh.admin,2020/11/10 16:12:06.343+00,Parks - Northern,0.725711334549979,26897bac-17e4-4dcc-9f1c-bdcdc609a473,5081.84375,285.571333411131
143,116,4.78104456,208261.46789558,Neighborhood Park,NP,2,Marmaduke Playground,Marmaduke Park,Marmaduke Park,Northern,1791.42794545,273f4bbe-25d9-42a3-a546-370af99b1275,pgh.admin,2020/11/10 16:12:06.343+00,pgh.admin,2020/11/10 16:12:06.343+00,Parks - Northern,2.76257840442924,b6d1ec7d-fd37-48d7-a382-582dfeb9d672,19348.1953125,718.04904778762
144,180,0.54616124,23790.68833304,Beautification Site,BTF,16,Thomas Parklet,Thomas Park,Thomas Park,State,685.98510414,29ea1e26-197f-4e3d-926b-4fd4b7988d76,pgh.admin,2020/11/10 16:12:06.343+00,pgh.admin,2020/11/10 16:12:06.343+00,Parks - Northern,0.316031566840351,3f988220-a25d-4ade-9276-e85f27361c85,2210.2421875,275.024975347243
145,139,17.47531092,761221.49872228,Riverfront Park,RVR,16,Northshore Riverfront Park,Northshore Riverfront Park,Northshore Riverfront Park,State,10104.3707589,68640034-1684-42f3-b6ea-c292096f526e,pgh.admin,2020/11/10 16:12:06.343+00,pgh.admin,2020/11/10 16:12:06.343+00,Parks - Northern,10.1092504097426,0811f6bf-41a3-40da-951e-a3e2ee5a7299,70720.0546875,4043.19674100632
146,51,1.39374652,60711.35564631,Neighborhood Park,NP,13,Duncan Parklet,Duncan Park,Duncan Park,Northeast,765.09522208,11bb27fa-771b-4ed0-92e5-c66f27b8e336,pgh.admin,2020/11/10 16:12:06.343+00,pgh.admin,2020/11/10 16:12:06.343+00,Parks - Northeast,0.805437567716807,be1faebc-cd40-48e9-99ce-e343e3f9b285,5640.2890625,306.723324106503
147,53,103.63816573,4514460.44118557,Community Park,CP,3,East Common Park,Allegheny Commons,Allegheny Commons Park,State,8643.01965726,ed54111f-f829-49c1-87b0-4f0e06c2ccaa,pgh.admin,2020/11/10 16:12:06.343+00,pgh.admin,2020/11/10 16:12:06.343+00,Parks - Northern,59.9399541588162,cbaee2d3-a6d4-472d-94ba-523cd4804bf9,425350.83984375,8889.11378906667
148,4,3.82548464,166637.44452129,Riverfront Park,RVR,16,Allegheny Landing Park,Allegheny Landing Park,Allegheny Landing Park,State,1579.93365704,4c54672c-8a00-4670-a599-1b3e59c22d84,pgh.admin,2020/11/10 16:12:06.343+00,pgh.admin,2020/11/10 16:12:06.343+00,Parks - Northern,2.2128864767548,cf34bfd9-d605-461f-852c-027a6205ebbe,15481.19921875,632.932863268901
149,72,3.3819496,147317.13547157,Neighborhood Park,NP,12,Friendship Park,Friendship Park,Friendship Park,Northeast,1901.42659879,f95cbafc-dcd8-493f-8b98-89745c6434ca,pgh.admin,2020/11/10 16:12:06.343+00,pgh.admin,2020/11/10 16:12:06.343+00,Parks - Northeast,1.95542981911229,7f4246e3-1151-4d81-950c-5b6bd476d249,13686.27734375,760.982635901737
150,191,18.72817624,815796.09399299,Neighborhood Park,NP,11,Westinghouse Park,Westinghouse Park,Westinghouse Park,Eastern,2747.68890417,e473b3f9-3e8a-49cb-8523-ef32365cdd25,pgh.admin,2020/11/10 16:12:06.343+00,pgh.admin,2020/11/10 16:12:06.343+00,Parks - Eastern,10.8316327781531,8fe29a83-407e-4fb3-900c-f72656e93fca,70274.140625,1066.42447699764
151,156,3.42480831,149184.05337951,Regional Park,RP,6,Ream Parklet,Emerald View Park - Ream Park,Emerald View Regional Park,Western,1359.15606601,e532a31c-a671-42ae-98da-2ed252192a64,pgh.admin,2020/11/10 16:12:06.343+00,pgh.admin,2020/11/10 16:12:06.343+00,Parks - Western,1.98205995570538,a32fb284-c538-475a-9b06-70418e1c6bd2,13859.71484375,544.722266512902
152,167,88.46757665,3853632.22422657,Community Park,CP,4,Sheraden Park,Sheraden Park,Sheraden Park,Western,16358.8352357,351ad94c-c15c-4b25-a11a-f467977f0134,pgh.admin,2020/11/10 16:12:06.343+00,pgh.admin,2020/11/10 16:12:06.343+00,Parks - Western,51.1576438604843,1e41bdeb-d89d-46f6-958a-088c6f3dde04,358015.609375,6557.10619721656
153,35,10.63213832,463134.09255443,Neighborhood Park,NP,4,Chartiers Playground,Chartiers Park,Chartiers Park,Western,2197.20250399,3bd43bb8-9677-45be-8b89-7d05c1d78cf6,pgh.admin,2020/11/10 16:12:06.343+00,pgh.admin,2020/11/10 16:12:06.343+00,Parks - Western,6.14846032674512,095487a6-fd84-4a10-b2a4-394acb85ff2f,43026.73046875,880.608649408887
154,15,6.06548243,264211.35790473,Public School,SCH,5,Banksville School,Banksville School Park,Banksville School,Western,573.32148474,8e5ecb6a-dba7-449f-bef7-d76ac0c446b4,pgh.admin,2020/11/10 16:12:06.343+00,pgh.admin,2020/11/10 16:12:06.343+00,Parks - Western,3.51277953360786,4220a5ea-29bf-4cdc-a99a-01ec3350bd8b,24546.140625,768.023649917183
155,201,106.31463081,4631046.7936921,Regional Park,RP,6,Duquesne Heights Greenway,Emerald View Park - Duquesne Heights Greenway,Emerald View Regional Park,Western,28271.46514,32e0f94b-541f-421b-b9cb-570b3b856d2e,pgh.admin,2020/11/10 16:12:06.343+00,pgh.admin,2020/11/10 16:12:06.343+00,Parks - Western,61.5220157468088,206a159f-ce44-4eab-ae9b-bcd143592258,430240.0234375,11328.7466060843
156,40,0.59470512,25905.25152933,Neighborhood Park,NP,4,Crafton Heights Tot Lot,Crafton Heights Park,Crafton Heights Park,Western,540.46194742,9fdbedd7-5f9c-4171-a8f3-abe2b238437f,pgh.admin,2020/11/10 16:12:06.343+00,pgh.admin,2020/11/10 16:12:06.343+00,Parks - Western,0.344124263082221,b922b340-008a-4bcb-b575-822940cc43df,2406.6796875,216.405013781333
157,171,28.94917455,1261020.99917492,Riverfront Park,RVR,7,Southside Riverfront Park,Southside Riverfront Park,Southside Riverfront Park,Southern,14053.0359603,99ccb4c8-bc0c-403d-9442-3364c6e21096,pgh.admin,2020/11/10 16:12:06.343+00,pgh.admin,2020/11/10 16:12:06.343+00,Parks - Southern,16.753652101902,8fe2d7dc-e78c-4c21-8e37-5cf0f8d2b55f,117153.2109375,5623.1937823089
158,186,3.67357394,160020.24076721,Neighborhood Park,NP,6,Warrington Playground,Warrington Park,Warrington Park,Southern,1245.75822307,bf852bdb-5458-44ff-ba0c-5c6b16e5ccd9,pgh.admin,2020/11/10 16:12:06.343+00,pgh.admin,2020/11/10 16:12:06.343+00,Parks - Southern,2.12662920756599,09b4ac7f-79b7-4e9c-88c6-9a728e5110fa,14866.4296875,498.809453533011
159,198,5.32007006,231741.32489365,Neighborhood Park,NP,2,Young Field,Young Field Park,Young Park,Northern,1666.07179358,9b969f67-1f2e-4f4b-8556-e4ac49ca208e,pgh.admin,2020/11/10 16:12:06.343+00,pgh.admin,2020/11/10 16:12:06.343+00,Parks - Northern,3.07510038051768,ec649efb-bd5c-46a4-910a-bccd9a497bf6,21529.5625,667.407393944824
160,11,7.26684291,316542.41087886,Neighborhood Park,NP,7,Arlington Playground,Arlington Park,Arlington Park,Southern,1714.73920067,feb2c1cf-1ba5-4a8d-9bca-7dcd9165fed2,pgh.admin,2020/11/10 16:12:06.343+00,pgh.admin,2020/11/10 16:12:06.343+00,Parks - Southern,4.20716074432075,bd79783d-01d0-4bb4-90ef-1fb6f0213db9,29407.8671875,687.091860477882
161,169,0.71220072,31023.33930316,Special Use Park,SU,7,Southside Market House,Southside Market House,Southside Market House,Southern,539.35379267,9bb8fe4a-a3ba-49ba-a3b3-bd099243b04e,pgh.admin,2020/11/10 16:12:06.343+00,pgh.admin,2020/11/10 16:12:06.343+00,Parks - Southern,0.41219491500917,844a9bfe-5374-466f-9a43-b1bb2163a2d9,2882.18359375,216.214168470851
162,165,1.74909774,76190.3926599,Neighborhood Park,NP,1,Scherer Field,Scherer Park,Scherer Field,Northern,869.02248082,207b0267-2101-4b62-aa7b-4c55ace2496e,pgh.admin,2020/11/10 16:12:06.343+00,pgh.admin,2020/11/10 16:12:06.343+00,Parks - Northern,1.01120174083021,3b14c50b-7706-4a3a-8244-2c9b57d82608,7078.3515625,348.565895863412
163,224,7.53977591,328431.32482258,Neighborhood Park,NP,,,Fowler Park,,,,,pgh.admin,2020/11/10 16:12:06.343+00,pgh.admin,2020/11/10 16:12:06.343+00,Parks - Northern,4.35848897676372,21bc2d09-65aa-4eed-acb2-f5905b7a6fa0,30512.38671875,708.579149242113
164,64,5.97530944,260283.4380651,Neighborhood Park,NP,3,Fineview Field,Fineview Field Park,Fineview Field,Northern,1791.9436509,21784547-a11b-4006-ad6c-9b27cf995c19,pgh.admin,2020/11/10 16:12:06.343+00,pgh.admin,2020/11/10 16:12:06.343+00,Parks - Northern,3.45518218138323,b2f7022f-ff51-43d2-92d6-a1ad3a2263a6,24181.21875,695.614057334491
165,226,2.26124021,98499.22933866,Riverfront Park,RVR,,,Monongahela Wharf Landing Park,,,,,pgh.admin,2020/11/10 16:12:06.343+00,pgh.admin,2020/11/10 16:12:06.343+00,Parks - Northern,1.30833167050577,76e980ff-b47e-4121-b8cb-da05e9a88613,9150.91015625,1414.36276094626
166,215,0.33115151,14424.90188962,Neighborhood Park,NP,,,Venson Park,,,,,pgh.admin,2020/11/10 16:12:06.343+00,pgh.admin,2020/11/10 16:12:06.343+00,Parks - Southern,0.1917319001789,d142e3b7-d6d5-4f1f-b7a4-080d908253dc,1340.12109375,149.028327984529
167,129,11.25671101,490340.37034513,Neighborhood Park,NP,7,Monongahela Playground,Monongahela Park,Monongahela Park,Southern,2224.84284636,6d41972a-17ea-447a-8aec-792fed745308,pgh.admin,2020/11/10 16:12:06.343+00,pgh.admin,2020/11/10 16:12:06.343+00,Parks - Southern,6.51645016014859,a63d4dd1-691c-4483-8eca-06b044bde238,45554.3046875,891.426702230602
168,103,0.78600588,34238.27922772,Neighborhood Park,NP,5,Leolyn Parklet,Leolyn Park,Leolyn Park,Southern,617.72292841,f027a6f9-cb67-4ec2-8d03-66eb8ad658f0,pgh.admin,2020/11/10 16:12:06.343+00,pgh.admin,2020/11/10 16:12:06.343+00,Parks - Southern,0.455316249284806,9f752ae0-7458-4e2f-b46b-3efc3e36264f,3180.85546875,247.356642481879
169,63,3.60777784,157154.17412434,Neighborhood Park,NP,13,Fifty-Seventh St Playground,Fifty-Seventh Street Park,Fifty-Seventh Street Park,Northeast,1535.49617355,31373659-cf0f-4036-9c4b-b23dc2763456,pgh.admin,2020/11/10 16:12:06.343+00,pgh.admin,2020/11/10 16:12:06.343+00,Parks - Northeast,2.08456054369344,83fafbfb-c2e3-4886-908e-cacd4e69f194,14600.15625,615.619626965408
170,184,22.12698502,963847.6118622,Neighborhood Park,NP,5,Volunteers Field,Volunteers Park,Volunteers Park,Southern,5812.4419735,febad663-68a9-4e76-ae18-ae4f8430cfae,pgh.admin,2020/11/10 16:12:06.343+00,pgh.admin,2020/11/10 16:12:06.343+00,Parks - Southern,12.8185115992725,ba3edf2f-2028-4291-a758-918e5e46e5eb,89544.7265625,2607.78372350718
171,154,49.77095659,2168014.19717014,Riverfront Park,RVR,16,Point State Park,Point State Park,Point State Park,State,12943.2387982,bf1a98df-8a5b-454a-a172-cb061bab8d70,pgh.admin,2020/11/10 16:12:06.343+00,pgh.admin,2020/11/10 16:12:06.343+00,,28.7954106770457,9aa27005-4ff1-49dd-83cf-9af887bc79d4,201415.91796875,5184.19462735359
172,66,16.39693481,714247.62320797,Neighborhood Park,NP,12,Fort Pitt Playground,Fort Pitt Park,Fort Pitt Park,Northeast,3309.67418793,af65aeef-0944-4a0c-936f-96ea81bec49b,pgh.admin,2020/11/10 16:12:06.343+00,pgh.admin,2020/11/10 16:12:06.343+00,Parks - Northeast,9.47870336365845,3a295e8b-f0d2-4496-856d-b5a93fbf2e96,66356.03125,1326.31607660004
173,80,0.74410281,32412.98865824,Beautification Site,BTF,16,Grant Street Islands,Grant Street Islands,Grant Street Islands,State,3596.22994508,ec7791b6-034e-4e49-95d3-594550c438cf,pgh.admin,2020/11/10 16:12:06.343+00,pgh.admin,2020/11/10 16:12:06.343+00,6th Division,0.430523368517251,dc42765c-2d59-4c96-a508-e0f487d7a931,3011.2734375,1442.39210264952
174,168,0.76770194,33440.96259447,Special Use Park,SU,4,Sheraden Senior Center,Sheraden Healthy Active Living Center,Sheraden Senior Center,Western,609.38315894,0a4c9da4-797d-466c-859a-27575a608045,pgh.admin,2020/11/10 16:12:06.343+00,pgh.admin,2020/11/10 16:12:06.343+00,Parks - Western,0.44397952148459,e849e095-536a-4770-9b20-fa440e22b2cc,3106.77734375,244.084857509403
175,208,10.49962938,457362.02618184,Neighborhood Park,NP,5,Vanucci Field,Vanucci Park,Vanucci Park,Western,2391.38259646,19b0ba76-3aad-4e9f-9174-18013f454a6d,pgh.admin,2020/11/10 16:12:06.343+00,pgh.admin,2020/11/10 16:12:06.343+00,Parks - Southern,6.07941302712069,ff1513c7-f522-4fe3-8d9e-359d684c1f1a,42490.51171875,957.265457542479
176,175,0.91785419,39981.56878894,Neighborhood Park,NP,4,Stratmore Parklet,Andrew Joseph Kukuruda Park,Stratmore Park,Western,845.11152083,98e651e7-e357-48d5-ad8e-53db1a814a8e,pgh.admin,2020/11/10 16:12:06.343+00,pgh.admin,2020/11/10 16:12:06.343+00,Parks - Western,0.531061614124622,249b7c17-c429-403d-b6b1-7598b86b4441,3714.43359375,338.649793071837
177,211,0.98415588,42869.65873598,Neighborhood Park,NP,1,Troy Hill Citzen's Park,Troy Hill Citizen's Park,Troy Hill Citzen's Park,Northern,708.69794992,c4abaefd-877d-4c42-b588-60a126ebfa5a,pgh.admin,2020/11/10 16:12:06.343+00,pgh.admin,2020/11/10 16:12:06.343+00,Parks - Northern,0.56902453496701,d27501f5-1c8a-4268-856f-840f2e57c4a4,3982.73828125,284.077775451545
178,133,0.59699069,26004.81032738,Neighborhood Park,NP,4,Mutual Parklet,Mutual Park,Mutual Park,Western,629.88083149,c3ced6af-31f3-4c14-88e2-a17fe6b295e6,pgh.admin,2020/11/10 16:12:06.343+00,pgh.admin,2020/11/10 16:12:06.343+00,Parks - Western,0.345285544800263,2893f1f4-9a3b-4fd9-919e-38ec7f74e5f8,2415.94140625,252.618355154825
179,194,3.81622151,166233.94409077,Neighborhood Park,NP,10,Wightman Playground,Wightman Park,Wightman Park,Eastern,1305.90809687,9073e51f-4d78-42ff-8fc0-97344d058d0e,pgh.admin,2020/11/10 16:12:06.343+00,pgh.admin,2020/11/10 16:12:06.343+00,Parks - Eastern,2.20777380203681,db2f3429-efae-47a8-b3be-94d20e9ce3a2,15443.71484375,523.002077837653
180,164,750.14033851,32675982.4412121,Regional Park,RP,10,Schenley Park,Schenley Park,Schenley Park,Schenley,123344.865833,2be79c72-ff3d-4f6e-844d-6ad22c49556a,pgh.admin,2020/11/10 16:12:06.343+00,pgh.admin,2020/11/10 16:12:06.343+00,Parks - Schenley,434.08262293757,d0407f7d-a985-4d61-a78d-0ff38b0e23d1,3035710.2578125,49416.6642748043
181,86,14.38015892,626397.2167514,Community Park,CP,4,Hershel Playground,Herschel Park,Hershel Park,Western,5898.08325819,5011c72c-2a08-418b-844d-b3dbbca6075e,pgh.admin,2020/11/10 16:12:06.343+00,pgh.admin,2020/11/10 16:12:06.343+00,Parks - Western,20.4066995884817,216a844c-942d-4d82-a6a4-919cd9a4e9e5,58194.4375,1042.20041111645
182,1,2.86555093,124822.89931389,Neighborhood Park,NP,5,Able Long Parklet,Able Long Park,Able Long Park,Western,1079.63858184,fb46cd7e-fcf3-47de-86b2-b44a62ecb0da,pgh.admin,2020/11/10 16:12:06.343+00,pgh.admin,2020/11/10 16:12:06.343+00,Parks - Southern,1.65951668056316,0ced60a3-325f-46d8-a051-5b4a9d823d75,11596.484375,432.518080650561
183,141,8.43557576,367452.21047615,Neighborhood Park,NP,4,Oakwood Playground,Oakwood Park,Oakwood Park,Western,3111.47553148,62caf5f1-7f9e-4563-8a86-41b42ccbf634,pgh.admin,2020/11/10 16:12:06.343+00,pgh.admin,2020/11/10 16:12:06.343+00,Parks - Western,4.88269047476746,012f5af7-99e8-447a-8b08-59d615c3a057,34137.55859375,1246.82348806576
184,108,1.09567067,47727.22344868,Neighborhood Park,NP,8,Lincoln Place Parklet,Lincoln Place Park,Lincoln Place Park,Southern,763.19671597,b4b74fc4-80c6-4534-93d5-83dcd06e43c8,pgh.admin,2020/11/10 16:12:06.343+00,pgh.admin,2020/11/10 16:12:06.343+00,Parks - Eastern,0.635246510473499,cc983be9-b9b3-47f7-92f6-491f68275e27,4434.0234375,305.815252632178
185,188,8.10553147,353075.53850909,Neighborhood Park,NP,4,West End Elliot Overlook Park,West End-Elliott Overlook Park,West End-Elliot Overlook Park,Western,4135.08502495,db34d78e-3287-40aa-8754-89ff7af41c76,pgh.admin,2020/11/10 16:12:06.343+00,pgh.admin,2020/11/10 16:12:06.343+00,Parks - Western,4.68886758561405,d19d6f08-a807-45f3-bc2a-22cd14b6432f,32801.921875,1657.2811784109
186,144,4.5908687,199977.44049413,Neighborhood Park,NP,7,Ormsby Playground,Ormsby Park,Ormsby Park,Southern,1549.34963964,a67c8014-7b92-4125-af8e-aa51286451f2,pgh.admin,2020/11/10 16:12:06.343+00,pgh.admin,2020/11/10 16:12:06.343+00,Parks - Southern,2.65703619400541,0b54caa0-0c72-48f5-9388-c3690e6b5410,18578.59375,621.390875012257
187,158,0.80895407,35237.89826793,Neighborhood Park,NP,8,Revenue Park,Roland Lockridge Community Park,Roland Lockridge Community Park,Southern,590.84100675,44bbbdf5-c2db-451c-b880-9251b8211455,pgh.admin,2020/11/10 16:12:06.343+00,pgh.admin,2020/11/10 16:12:06.343+00,Parks - Eastern,0.468682427403543,a607a71c-3da9-4b41-a7a6-80cdcd163370,3273.734375,236.488162076142
188,122,135.61621346,5907418.62841062,Community Park,CP,6,McKinley Park,McKinley Park,McKinley Park,Southern,17715.7659737,0057c452-d431-4d76-bd57-a1f581977a5e,pgh.admin,2020/11/10 16:12:06.343+00,pgh.admin,2020/11/10 16:12:06.343+00,Parks - Southern,78.5283508706073,9ee4eeaf-ca46-45d4-8b90-f64819c8c3b9,548819.3671875,7095.00979414732
189,196,4.64863455,202493.71089831,Neighborhood Park,NP,7,Winters Playground,Winters Park,Winters Park,Southern,1961.47202182,39be7594-ab5d-43e6-a152-a1cb6ec627ee,pgh.admin,2020/11/10 16:12:06.343+00,pgh.admin,2020/11/10 16:12:06.343+00,Parks - Southern,2.69099283576145,e6255cf2-f0a7-4ce4-a448-fa58f04d535f,18812.34765625,785.935955797399
190,49,24.99790049,1088904.1898056,Community Park,CP,13,Dinan Playground,Dinan Park,Dinan Park,Northeast,4324.05085525,6ae57e29-f05f-4863-b819-cd72229aa471,pgh.admin,2020/11/10 16:12:06.343+00,pgh.admin,2020/11/10 16:12:06.343+00,Parks - Northeast,14.4448039950448,0d74b455-3572-4be5-8599-c52d90cefc1c,101162.90625,1524.50848328492
191,23,10.04922695,437742.57503681,Neighborhood Park,NP,13,Bloomfield Playground,Paul J. Sciullo II Memorial Park,Bloomfield Park,Northeast,3262.78087797,4724c15b-ecec-4b4b-9b88-c709f759b98f,pgh.admin,2020/11/10 16:12:06.343+00,pgh.admin,2020/11/10 16:12:06.343+00,Parks - Northeast,5.81048103930772,d2de03e3-6556-4086-95b8-3688d4987961,40667.8046875,1307.43982045734
192,26,55.40040557,2413232.01376541,Community Park,CP,2,Brighton Heights Park,Brighton Heights Park,Brighton Heights Park,Northern,12357.0948233,2ebd3497-6b22-4a86-95f4-cc01dc82048a,pgh.admin,2020/11/10 16:12:06.343+00,pgh.admin,2020/11/10 16:12:06.343+00,Parks - Northern,32.0105698514488,38bafa53-713d-4ac9-a2e7-10889971ab0f,224197.54296875,4954.7239409861
193,145,2.07066855,90197.96138305,Neighborhood Park,NP,12,Osceola Parklet,Osceola Park,Osceola Park,Northeast,907.56586396,975a22ed-f845-4214-964f-4d2824d17d41,pgh.admin,2020/11/10 16:12:06.343+00,pgh.admin,2020/11/10 16:12:06.343+00,Parks - Northeast,1.19746041300709,fd8b6174-90bd-4be2-bdce-d91b474f7cc4,8379.69140625,363.780980780685
194,13,15.23646217,663697.63725306,Community Park,CP,13,Arsenal Park and School,Arsenal Park,Arsenal Park,Northeast,2498.19408838,7bfb78ce-506d-454c-a4d2-eb6a2494361e,pgh.admin,2020/11/10 16:12:06.343+00,pgh.admin,2020/11/10 16:12:06.343+00,Parks - Northeast,8.80859448153925,1fddbd60-b034-4f14-b205-b6f1c9a11b94,61659.77734375,1001.51771918114
195,189,29.42269116,1281647.30025867,Community Park,CP,4,West End Park,West End Park,West End Park,Western,15318.7895242,f1ba0266-6b8c-4555-a57a-4003e8adf767,pgh.admin,2020/11/10 16:12:06.343+00,pgh.admin,2020/11/10 16:12:06.343+00,Parks - Western,17.025105911415,270b022f-5168-4912-8256-796548e308ee,119069.33203125,6137.90465565819
196,90,4.64805814,202468.6028608,Neighborhood Park,NP,11,Homewood Playground,Homewood Park,Homewood Park,Eastern,1360.90801945,9296bb5e-10ce-4bb7-a855-54fe7a1c97be,pgh.admin,2020/11/10 16:12:06.343+00,pgh.admin,2020/11/10 16:12:06.343+00,Parks - Eastern,2.68817571638297,70a6703d-a3d9-4a8e-8a10-295f435d6847,18810.02734375,545.432081458488
197,193,5.64608257,245942.37292594,Public School,SCH,4,Westwood School,Westwood School Park,Westwood School,Western,1572.77684889,843e43a8-79ed-42c4-975b-9791c5161212,pgh.admin,2020/11/10 16:12:06.343+00,pgh.admin,2020/11/10 16:12:06.343+00,Parks - Western,3.04192655216271,b77d66c5-1011-4e4f-8aa1-bd7ee7c108b8,22848.89453125,607.297032498449
198,119,39.20199797,1707632.20084053,Community Park,CP,8,McBride Park,McBride Park,McBride Park,Southern,7470.06276691,c5ca4ed7-b654-4d29-9e89-caba44345bf4,pgh.admin,2020/11/10 16:12:06.343+00,pgh.admin,2020/11/10 16:12:06.343+00,Parks - Eastern,22.7283109197048,714c6d58-6dd1-4134-aba2-233e327919e2,158644.85546875,2987.59339227395
199,78,9.95353189,433574.11483924,Regional Park,RP,6,Grandview Overlook,Emerald View Park - Grandview Overlook,Emerald View Regional Park,Western,5037.75089773,e065b497-78da-4f77-b22f-ad9c13a0b5ec,pgh.admin,2020/11/10 16:12:06.343+00,pgh.admin,2020/11/10 16:12:06.343+00,Parks - Western,9.95353189028693,ddfc5e44-6409-448b-a742-64ddf2638b2b,40280.49609375,1819.50416624505
200,14,28.7367361,1251767.21758508,Community Park,CP,5,Banksville Park,Banksville Park,Banksville Park,Western,6186.41940115,62ec008f-5309-4759-8d0e-3548938dcd38,pgh.admin,2020/11/10 16:12:06.343+00,pgh.admin,2020/11/10 16:12:06.343+00,Parks - Western,16.6391731244351,a8b60403-80cb-4f18-ad33-64c10b5e2443,116293.45703125,2477.5916474028
201,120,0.34579495,15062.76796657,Neighborhood Park,NP,13,McCandless Tot Lot,McCandless Park,McCandless Park,Northeast,376.61683219,6466049c-ed79-4b4a-a7fd-eee9db4eaba5,pgh.admin,2020/11/10 16:12:06.343+00,pgh.admin,2020/11/10 16:12:06.343+00,Parks - Northeast,0.199829795978656,bc95eab3-131e-47ac-ad62-72a1d36c54c5,1399.38671875,151.005754616547
202,130,17.45200506,760206.29945137,Community Park,CP,5,Moore Park,Moore Park,Moore Park,Southern,2752.13027248,50baa3f0-758b-4bbb-98d6-3c07b42a0826,pgh.admin,2020/11/10 16:12:06.343+00,pgh.admin,2020/11/10 16:12:06.343+00,Parks - Southern,10.1078247196556,d3b03800-b334-4327-ac0b-76e3e74a8cf9,70625.76171875,1101.70599156565
203,160,447.51617758,19493726.7201715,Regional Park,RP,2,Riverview Park,Riverview Park,Riverview Park,Northern,72135.8705385,bfa19f54-250b-4e8e-9898-5a8f45e003b8,pgh.admin,2020/11/10 16:12:06.343+00,pgh.admin,2020/11/10 16:12:06.343+00,Parks - Northern,258.604288750231,abad061b-2f24-4539-b4cb-d3469ae13b4e,1811033.609375,28925.1318131614
204,61,0.33687086,14674.03581487,Neighborhood Park,NP,4,Esplen Tot Lot,Esplen Park,Esplen Park,Western,365.82805247,3be60947-2c73-4a72-b6d0-3461abc6e3d2,pgh.admin,2020/11/10 16:12:06.343+00,pgh.admin,2020/11/10 16:12:06.343+00,Parks - Western,0.194788174402929,ef886280-d035-4a80-a956-53deeeb2b4de,1363.26953125,146.624052210258
205,65,3.04729099,132739.46448514,Neighborhood Park,NP,3,Fineview Playground,Fineview Park,Fineview Park,Northern,1108.51197838,db4b7e9e-0652-4636-8213-593a7cfc5953,pgh.admin,2020/11/10 16:12:06.343+00,pgh.admin,2020/11/10 16:12:06.343+00,Parks - Northern,1.76197212241509,85b8e8a7-e5d7-4918-b91b-29b0e61ff77d,12331.94140625,444.230416420814
206,143,16.03226582,698362.70569942,Regional Park,RP,6,Olympia Park,Emerald View Park - Olympia Park,Emerald View Regional Park,Western,2810.16261338,5217a635-cba9-4f1e-93c7-a604fc8f59e3,pgh.admin,2020/11/10 16:12:06.343+00,pgh.admin,2020/11/10 16:12:06.343+00,Parks - Western,9.27844300368542,42fc2099-7bb4-4bf6-9630-0e2ec85acc56,64880.2578125,1126.68716747355
207,89,653.95485022,28486159.3307802,Regional Park,RP,12,Highland Park,Highland Park,Highland Park,Northeast,107319.676945,c9e4bd66-e2b3-4f4a-b49b-a9f1ee0688b3,pgh.admin,2020/11/10 16:12:06.343+00,pgh.admin,2020/11/10 16:12:06.343+00,Parks - Northeast,377.910576753222,67d37574-c0b0-4bec-9fbe-6114dc15161b,2646461.42578125,43040.5950903328
208,79,57.77914207,2516849.36131696,Regional Park,RP,6,Grandview Park,Emerald View Park - Grandview Park,Emerald View Regional Park,Southern,14446.4975317,aeeefde8-4347-4ab7-8bdf-bc2bedd16135,pgh.admin,2020/11/10 16:12:06.343+00,pgh.admin,2020/11/10 16:12:06.343+00,Parks - Western,33.4432720863155,668def19-2454-43d1-871f-9c005a88cd44,233823.89453125,5785.00491624445
209,34,11.73663755,511245.88671728,Neighborhood Park,NP,11,Chadwick Rec Center,Chadwick Park,Chadwick Park,Eastern,2425.2027917,ad00f128-3d9f-4bfd-93e9-98fe0d4241a4,pgh.admin,2020/11/10 16:12:06.343+00,pgh.admin,2020/11/10 16:12:06.343+00,Parks - Northeast,6.78549647528316,2225195b-1a2c-4b4c-adda-9ea01561464b,47496.49609375,972.106332379237
210,37,1.51023534,65785.58816996,Neighborhood Park,NP,7,Cobden St Bsktbl Ct,Cobden Street Park,Cobden St. Park,Southern,825.91850831,fb470340-f4f8-460a-8a16-f16e333573d9,pgh.admin,2020/11/10 16:12:06.343+00,pgh.admin,2020/11/10 16:12:06.343+00,Parks - Southern,0.874327570698412,df3585a8-8b92-4d23-8837-c9983c39594f,6111.703125,330.679923562791
211,170,99.28352916,4324773.23089955,Community Park,CP,7,Southside Park,Southside Park,Southside Park,Southern,15701.0199754,95cc2ac5-a1c2-4648-a584-a51d1cc70630,pgh.admin,2020/11/10 16:12:06.343+00,pgh.admin,2020/11/10 16:12:06.343+00,Parks - Southern,57.3113495470274,3e61ff80-c3d3-491d-b22c-06661758ea1c,400636.15625,6189.72414637318
212,87,8.83843524,385000.69916227,Neighborhood Park,NP,12,Heths Playground,Heth's Park,Heth's Park,Northeast,2181.06130748,a6a4ac92-5a00-4af5-9f11-716e51079fea,pgh.admin,2020/11/10 16:12:06.343+00,pgh.admin,2020/11/10 16:12:06.343+00,Parks - Northeast,5.10806964711613,902ef730-a0db-4c99-813c-eec1ede0858c,35767.87109375,875.156726710089
213,153,40.3865157,1759229.58693411,Community Park,CP,5,Phillips Park,Phillips Park,Phillips Park,Southern,7113.21285449,24cd4273-9d1a-4886-a9f1-a3c4a9d50196,pgh.admin,2020/11/10 16:12:06.343+00,pgh.admin,2020/11/10 16:12:06.343+00,Parks - Southern,23.4008143097936,170e78a2-d3e0-4f60-a598-e5d80254b530,163438.4453125,2850.66953507494
214,28,97.05151616,4227547.13368303,Community Park,CP,5,Brookline Memorial Park,Brookline Memorial Park,Brookline Memorial Park,Southern,9152.84161215,041dc569-0b41-4383-bed6-df92c7b07dca,pgh.admin,2020/11/10 16:12:06.343+00,pgh.admin,2020/11/10 16:12:06.343+00,Parks - Southern,56.235114418385,b2a70dbf-a5f0-448d-9f5f-b7420320bdd8,392753.6015625,3750.83023017651
34264,71,1046.82485955,45599508.4834013,Regional Park,RP,10,Frick Park,Frick Park,Frick Park,Eastern,75685.9897736,4012cac2-c9fc-4074-8331-0c10b213ef16,pgh.admin,2020/11/10 16:12:06.343+00,pgh.admin,2020/11/10 16:12:06.343+00,Parks - Eastern,594.571469970192,08d843a7-4cc8-4054-81c5-7e9af67fb024,4157443.01953125,27417.6178468842
154799,227,0.99115208,43174.41203933,Special Use Park,SU,,,Arlington Gym,,,,,pgh.admin,2020/11/10 16:12:06.343+00,pgh.admin,2020/11/10 16:12:06.343+00,Parks - Southern,,6b6dbde5-cdce-46e7-9f74-b594b4ba5a56,4011.046875,274.845251683974
246802,214,4.4105069,192120.91190443,Neighborhood Park,NP,12,Liberty Green Park,Liberty Green Park,Liberty Green Park,Northeast,1386.2216884, ,pgh.admin,2020/11/10 16:12:06.343+00,pgh.admin,2020/11/10 16:12:06.343+00,Parks - Northeast,4.41050689601439,04c7454f-8959-45eb-9857-8fcd58a672f0,17848.6875,556.095111143292
